{
    "date": "1996-02-14",
    "sample_bank": "sfx_terrain",
    "envelopes": {
        "envelope0": [
            [2, 32700],
            [1, 32700],
            [32700, 29430],
            "hang"
        ],
        "envelope1": [
            [2, 32700],
            [1, 32700],
            [32700, 29430],
            "hang"
        ]
    },
    "instruments": {
        "inst0": {
            "release_rate": 208,
            "envelope": "envelope0",
            "sound": "00_step_default"
        },
        "inst1": {
            "release_rate": 208,
            "envelope": "envelope0",
            "sound": "01_step_grass"
        },
        "inst2": {
            "release_rate": 208,
            "envelope": "envelope0",
            "sound": "02_step_stone"
        },
        "inst3": {
            "release_rate": 208,
            "envelope": "envelope0",
            "sound": "03_step_spooky"
        },
        "inst4": {
            "release_rate": 208,
            "envelope": "envelope0",
            "sound": "04_step_snow"
        },
        "inst5": {
            "release_rate": 208,
            "envelope": "envelope0",
            "sound": "05_step_ice"
        },
        "inst6": {
            "release_rate": 48,
            "envelope": "envelope1",
            "sound": "06_step_metal"
        },
        "inst7": {
            "release_rate": 208,
            "envelope": "envelope0",
            "sound": "07_step_sand"
        }
    },
    "instrument_list": [
        "inst0",
        "inst1",
        null,
        "inst2",
        "inst3",
        "inst4",
        "inst5",
        "inst6",
        "inst7"
    ]
}
