{
    "date": "1996-02-14",
    "sample_bank": "sfx_4",
    "envelopes": {
        "envelope0": [
            [2, 32700],
            [1, 32700],
            [32700, 29430],
            "hang"
        ]
    },
    "instruments": {
        "inst0": {
            "release_rate": 208,
            "envelope": "envelope0",
            "sound": "00"
        },
        "inst1": {
            "release_rate": 208,
            "envelope": "envelope0",
            "sound": "01"
        },
        "inst2": {
            "release_rate": 208,
            "envelope": "envelope0",
            "sound": "02"
        },
        "inst3": {
            "release_rate": 208,
            "envelope": "envelope0",
            "sound": "03"
        },
        "inst4": {
            "release_rate": 208,
            "envelope": "envelope0",
            "sound": "04"
        },
        "inst5": {
            "release_rate": 208,
            "envelope": "envelope0",
            "sound": "05"
        },
        "inst6": {
            "release_rate": 208,
            "envelope": "envelope0",
            "sound": "06"
        },
        "inst7": {
            "release_rate": 208,
            "envelope": "envelope0",
            "sound": "07"
        },
        "inst8": {
            "release_rate": 208,
            "envelope": "envelope0",
            "sound": "08"
        },
        "inst9": {
            "release_rate": 208,
            "envelope": "envelope0",
            "sound": "09"
        }
    },
    "instrument_list": [
        "inst0",
        "inst1",
        "inst2",
        "inst3",
        "inst4",
        "inst5",
        "inst6",
        "inst7",
        "inst8",
        "inst9"
    ]
}
