{
    "date": "1996-02-14",
    "sample_bank": "sfx_5",
    "envelopes": {
        "envelope0": [
            [2, 32700],
            [1, 32700],
            [32700, 29430],
            "hang"
        ],
        "envelope1": [
            [2, 32700],
            [1, 32700],
            [32700, 29430],
            "hang"
        ]
    },
    "instruments": {
        "inst0": {
            "release_rate": 208,
            "envelope": "envelope0",
            "sound": "0E"
        },
        "inst1": {
            "release_rate": 208,
            "envelope": "envelope0",
            "sound": "0F"
        },
        "inst2": {
            "release_rate": 208,
            "envelope": "envelope0",
            "sound": "10"
        },
        "inst3": {
            "release_rate": 208,
            "envelope": "envelope0",
            "sound": "11"
        },
        "inst4": {
            "release_rate": 142,
            "envelope": "envelope1",
            "sound": "02"
        },
        "inst5": {
            "release_rate": 208,
            "envelope": "envelope0",
            "sound": "12"
        },
        "inst6": {
            "release_rate": 208,
            "envelope": "envelope0",
            "sound": "13"
        },
        "inst7": {
            "release_rate": 208,
            "envelope": "envelope0",
            "sound": "14"
        },
        "inst8": {
            "release_rate": 208,
            "envelope": "envelope0",
            "sound": "15"
        },
        "inst9": {
            "release_rate": 208,
            "envelope": "envelope0",
            "sound": "16"
        },
        "inst10": {
            "release_rate": 208,
            "envelope": "envelope0",
            "sound": "17"
        },
        "inst11": {
            "release_rate": 208,
            "envelope": "envelope0",
            "sound": "18"
        },
        "inst12": {
            "release_rate": 208,
            "envelope": "envelope0",
            "sound": "19"
        },
        "inst13": {
            "release_rate": 208,
            "envelope": "envelope0",
            "sound": "1A"
        },
        "inst14": {
            "release_rate": 208,
            "envelope": "envelope0",
            "sound": "1B"
        },
        "inst15": {
            "release_rate": 208,
            "envelope": "envelope0",
            "sound": "1C"
        }
    },
    "instrument_list": [
        "inst0",
        "inst1",
        "inst2",
        "inst3",
        "inst4",
        "inst5",
        "inst6",
        "inst7",
        "inst8",
        "inst9",
        "inst10",
        "inst11",
        "inst12",
        "inst13",
        "inst14",
        "inst15"
    ]
}
