{
    "date": "1996-03-19",
    "sample_bank": "instruments",
    "envelopes": {
        "envelope0": [
            [2, 32700],
            [1, 32700],
            [32700, 29430],
            "hang"
        ],
        "envelope1": [
            [2, 32700],
            [1, 32700],
            [32700, 29430],
            "hang"
        ],
        "envelope2": [
            [2, 32700],
            [1, 32700],
            [32700, 29430],
            "hang"
        ],
        "envelope3": [
            [2, 32700],
            [1, 32700],
            [32700, 29430],
            "hang"
        ],
        "envelope4": [
            [2, 32700],
            [1, 32700],
            [32700, 29430],
            "hang"
        ],
        "envelope5": [
            [2, 32700],
            [1, 32700],
            [32700, 29430],
            "hang"
        ],
        "envelope6": [
            [2, 32700],
            [205, 19818],
            [535, 0],
            "hang"
        ],
        "envelope7": [
            [2, 32700],
            [1, 32700],
            [32700, 29430],
            "hang"
        ],
        "envelope8": [
            [2, 32700],
            [1, 32700],
            [32700, 29430],
            "hang"
        ],
        "envelope9": [
            [2, 32700],
            [1, 32700],
            [32700, 29430],
            "hang"
        ],
        "envelope10": [
            [2, 32700],
            [1, 32700],
            [32700, 29430],
            "hang"
        ],
        "envelope11": [
            [2, 32700],
            [55, 32700],
            [127, 0],
            "hang"
        ],
        "envelope12": [
            [2, 32700],
            [1, 32700],
            [32700, 29430],
            "hang"
        ]
    },
    "instruments": {
        "inst0": {
            "release_rate": 10,
            "normal_range_lo": 19,
            "normal_range_hi": 19,
            "envelope": "envelope0",
            "sound_lo": "38",
            "sound": {"sample": "08", "tuning": 2.121321},
            "sound_hi": "38"
        },
        "inst1": {
            "release_rate": 208,
            "envelope": "envelope1",
            "sound": "21"
        },
        "inst2": {
            "release_rate": 208,
            "envelope": "envelope2",
            "sound": "35"
        },
        "inst3": {
            "release_rate": 10,
            "envelope": "envelope3",
            "sound": "48"
        },
        "inst4": {
            "release_rate": 208,
            "envelope": "envelope4",
            "sound": "19"
        },
        "inst5": {
            "release_rate": 208,
            "envelope": "envelope5",
            "sound": "1A"
        },
        "inst6": {
            "release_rate": 128,
            "envelope": "envelope6",
            "sound": "1B"
        },
        "inst7": {
            "release_rate": 208,
            "envelope": "envelope7",
            "sound": "1C"
        },
        "percussion": [
            {"release_rate": 10, "pan": 62, "envelope": "envelope8", "sound": {"sample": "06", "tuning": 1.0}},
            {"release_rate": 10, "pan": 62, "envelope": "envelope8", "sound": {"sample": "06", "tuning": 1.0}},
            {"release_rate": 10, "pan": 62, "envelope": "envelope8", "sound": {"sample": "06", "tuning": 1.0}},
            {"release_rate": 10, "pan": 62, "envelope": "envelope8", "sound": {"sample": "06", "tuning": 1.0}},
            {"release_rate": 10, "pan": 62, "envelope": "envelope8", "sound": {"sample": "06", "tuning": 1.0}},
            {"release_rate": 10, "pan": 62, "envelope": "envelope8", "sound": {"sample": "06", "tuning": 1.0}},
            {"release_rate": 10, "pan": 62, "envelope": "envelope8", "sound": {"sample": "06", "tuning": 1.0}},
            {"release_rate": 10, "pan": 62, "envelope": "envelope8", "sound": {"sample": "06", "tuning": 1.0}},
            {"release_rate": 10, "pan": 62, "envelope": "envelope8", "sound": {"sample": "06", "tuning": 1.0}},
            {"release_rate": 10, "pan": 62, "envelope": "envelope8", "sound": {"sample": "06", "tuning": 1.0}},
            {"release_rate": 10, "pan": 62, "envelope": "envelope8", "sound": {"sample": "06", "tuning": 1.0}},
            {"release_rate": 10, "pan": 62, "envelope": "envelope8", "sound": {"sample": "06", "tuning": 1.0}},
            {"release_rate": 10, "pan": 62, "envelope": "envelope8", "sound": {"sample": "06", "tuning": 1.0}},
            {"release_rate": 10, "pan": 62, "envelope": "envelope8", "sound": {"sample": "06", "tuning": 1.0}},
            {"release_rate": 10, "pan": 62, "envelope": "envelope8", "sound": {"sample": "06", "tuning": 1.0}},
            {"release_rate": 10, "pan": 62, "envelope": "envelope8", "sound": {"sample": "06", "tuning": 1.0}},
            {"release_rate": 10, "pan": 57, "envelope": "envelope8", "sound": "07"},
            {"release_rate": 10, "pan": 65, "envelope": "envelope8", "sound": {"sample": "08", "tuning": 1.0}},
            {"release_rate": 10, "pan": 66, "envelope": "envelope8", "sound": {"sample": "08", "tuning": 1.0}},
            {"release_rate": 10, "pan": 66, "envelope": "envelope8", "sound": {"sample": "08", "tuning": 1.0}},
            {"release_rate": 10, "pan": 6, "envelope": "envelope8", "sound": {"sample": "09", "tuning": 0.471937}},
            {"release_rate": 10, "pan": 6, "envelope": "envelope8", "sound": {"sample": "09", "tuning": 0.5}},
            {"release_rate": 10, "pan": 27, "envelope": "envelope8", "sound": {"sample": "09", "tuning": 0.66742}},
            {"release_rate": 10, "pan": 27, "envelope": "envelope8", "sound": {"sample": "09", "tuning": 0.707107}},
            {"release_rate": 10, "pan": 45, "envelope": "envelope8", "sound": {"sample": "09", "tuning": 0.793701}},
            {"release_rate": 10, "pan": 45, "envelope": "envelope8", "sound": {"sample": "09", "tuning": 0.840897}},
            {"release_rate": 10, "pan": 53, "envelope": "envelope8", "sound": {"sample": "09", "tuning": 1.0}},
            {"release_rate": 10, "pan": 53, "envelope": "envelope8", "sound": {"sample": "09", "tuning": 1.059463}},
            {"release_rate": 10, "pan": 83, "envelope": "envelope8", "sound": {"sample": "09", "tuning": 1.189207}},
            {"release_rate": 10, "pan": 83, "envelope": "envelope8", "sound": {"sample": "09", "tuning": 1.259921}},
            {"release_rate": 10, "pan": 83, "envelope": "envelope8", "sound": {"sample": "09", "tuning": 1.33484}},
            {"release_rate": 10, "pan": 83, "envelope": "envelope8", "sound": {"sample": "09", "tuning": 1.414214}},
            {"release_rate": 10, "pan": 83, "envelope": "envelope8", "sound": {"sample": "09", "tuning": 1.498307}},
            {"release_rate": 10, "pan": 35, "envelope": "envelope8", "sound": {"sample": "0A", "tuning": 1.189207}},
            {"release_rate": 10, "pan": 35, "envelope": "envelope8", "sound": {"sample": "0A", "tuning": 1.259921}},
            {"release_rate": 10, "pan": 35, "envelope": "envelope8", "sound": {"sample": "0A", "tuning": 1.33484}},
            {"release_rate": 10, "pan": 35, "envelope": "envelope8", "sound": {"sample": "0A", "tuning": 1.414214}},
            {"release_rate": 10, "pan": 35, "envelope": "envelope8", "sound": {"sample": "0A", "tuning": 1.498307}},
            {"release_rate": 10, "pan": 35, "envelope": "envelope8", "sound": {"sample": "0A", "tuning": 1.587401}},
            {"release_rate": 10, "pan": 35, "envelope": "envelope8", "sound": {"sample": "0A", "tuning": 1.681793}},
            {"release_rate": 10, "pan": 35, "envelope": "envelope8", "sound": {"sample": "0A", "tuning": 1.781798}},
            {"release_rate": 10, "pan": 54, "envelope": "envelope8", "sound": {"sample": "0B", "tuning": 0.5469096}},
            {"release_rate": 10, "pan": 54, "envelope": "envelope8", "sound": {"sample": "0B", "tuning": 0.5794306}},
            {"release_rate": 10, "pan": 54, "envelope": "envelope8", "sound": {"sample": "0B", "tuning": 0.61388505}},
            {"release_rate": 10, "pan": 54, "envelope": "envelope8", "sound": {"sample": "0B", "tuning": 0.65038884}},
            {"release_rate": 10, "pan": 54, "envelope": "envelope8", "sound": {"sample": "0B", "tuning": 0.6890625}},
            {"release_rate": 10, "pan": 54, "envelope": "envelope8", "sound": {"sample": "0B", "tuning": 0.7300362}},
            {"release_rate": 10, "pan": 54, "envelope": "envelope8", "sound": {"sample": "0B", "tuning": 0.77344644}},
            {"release_rate": 10, "pan": 54, "envelope": "envelope8", "sound": {"sample": "0B", "tuning": 0.81943786}},
            {"release_rate": 10, "pan": 70, "envelope": "envelope8", "sound": {"sample": "0B", "tuning": 1.5468929}},
            {"release_rate": 10, "pan": 70, "envelope": "envelope8", "sound": {"sample": "0B", "tuning": 1.6388757}},
            {"release_rate": 10, "pan": 82, "envelope": "envelope8", "sound": {"sample": "0C", "tuning": 0.793701}},
            {"release_rate": 10, "pan": 82, "envelope": "envelope8", "sound": {"sample": "0C", "tuning": 0.840897}},
            {"release_rate": 10, "pan": 82, "envelope": "envelope8", "sound": {"sample": "0C", "tuning": 0.890899}},
            {"release_rate": 10, "pan": 82, "envelope": "envelope8", "sound": {"sample": "0C", "tuning": 0.943875}},
            {"release_rate": 10, "pan": 82, "envelope": "envelope8", "sound": {"sample": "0C", "tuning": 1.0}},
            {"release_rate": 10, "pan": 82, "envelope": "envelope8", "sound": {"sample": "0C", "tuning": 1.059463}},
            {"release_rate": 10, "pan": 82, "envelope": "envelope8", "sound": {"sample": "0C", "tuning": 1.122462}},
            {"release_rate": 10, "pan": 82, "envelope": "envelope8", "sound": {"sample": "0C", "tuning": 1.189207}},
            {"release_rate": 10, "pan": 82, "envelope": "envelope8", "sound": {"sample": "0C", "tuning": 1.259921}},
            {"release_rate": 10, "pan": 82, "envelope": "envelope8", "sound": {"sample": "0C", "tuning": 1.33484}},
            {"release_rate": 10, "pan": 82, "envelope": "envelope8", "sound": {"sample": "0C", "tuning": 1.414214}},
            {"release_rate": 10, "pan": 82, "envelope": "envelope8", "sound": {"sample": "0C", "tuning": 1.498307}},
            {"release_rate": 10, "pan": 128, "envelope": "envelope8", "sound": "0D"}
        ],
        "inst8": {
            "release_rate": 10,
            "normal_range_lo": 24,
            "envelope": "envelope9",
            "sound_lo": "0E",
            "sound": "0F"
        },
        "inst9": {
            "release_rate": 10,
            "normal_range_lo": 28,
            "normal_range_hi": 28,
            "envelope": "envelope10",
            "sound_lo": "10",
            "sound": "11",
            "sound_hi": "10"
        },
        "inst10": {
            "release_rate": 10,
            "normal_range_lo": 18,
            "envelope": "envelope11",
            "sound_lo": "12",
            "sound": "13"
        },
        "inst11": {
            "release_rate": 208,
            "normal_range_lo": 60,
            "normal_range_hi": 60,
            "envelope": "envelope12",
            "sound_lo": "1E",
            "sound": "1F",
            "sound_hi": "20"
        }
    },
    "instrument_list": [
        "inst0",
        "inst1",
        null,
        "inst2",
        "inst3",
        "inst4",
        "inst5",
        "inst6",
        "inst7",
        null,
        "inst8",
        "inst9",
        "inst10",
        "inst11"
    ]
}
