{
    "date": "1996-03-19",
    "sample_bank": "instruments",
    "envelopes": {
        "envelope0": [
            [2, 32700],
            [1, 32700],
            [32700, 29430],
            "hang"
        ],
        "envelope1": [
            [2, 32700],
            [1, 32700],
            [32700, 29430],
            "hang"
        ],
        "envelope2": [
            [2, 32700],
            [1, 32700],
            [32700, 29430],
            "hang"
        ],
        "envelope3": [
            [2, 32700],
            [1, 32700],
            [32700, 29430],
            "hang"
        ],
        "envelope4": [
            [2, 32700],
            [1, 32700],
            [32700, 29430],
            "hang"
        ],
        "envelope5": [
            [2, 32700],
            [1, 32700],
            [32700, 29430],
            "hang"
        ],
        "envelope6": [
            [2, 32700],
            [1, 32700],
            [32700, 29430],
            "hang"
        ],
        "envelope7": [
            [2, 32700],
            [1, 32700],
            [32700, 29430],
            "hang"
        ],
        "envelope8": [
            [6, 32700],
            [1, 32700],
            [32700, 29430],
            "hang"
        ]
    },
    "instruments": {
        "inst0": {
            "release_rate": 10,
            "envelope": "envelope0",
            "sound": "30"
        },
        "inst1": {
            "release_rate": 208,
            "envelope": "envelope1",
            "sound": "31"
        },
        "inst2": {
            "release_rate": 208,
            "envelope": "envelope2",
            "sound": "31"
        },
        "inst3": {
            "release_rate": 10,
            "normal_range_lo": 14,
            "normal_range_hi": 15,
            "envelope": "envelope3",
            "sound_lo": {"sample": "32", "tuning": 2.244924},
            "sound": "33",
            "sound_hi": {"sample": "32", "tuning": 2.828428}
        },
        "inst4": {
            "release_rate": 10,
            "normal_range_lo": 24,
            "envelope": "envelope4",
            "sound_lo": "0E",
            "sound": "0F"
        },
        "inst5": {
            "release_rate": 10,
            "normal_range_lo": 28,
            "normal_range_hi": 28,
            "envelope": "envelope5",
            "sound_lo": "10",
            "sound": "11",
            "sound_hi": "10"
        },
        "inst6": {
            "release_rate": 208,
            "envelope": "envelope6",
            "sound": "29"
        },
        "inst7": {
            "release_rate": 114,
            "envelope": "envelope7",
            "sound": "34"
        },
        "inst8": {
            "release_rate": 15,
            "normal_range_lo": 27,
            "normal_range_hi": 46,
            "envelope": "envelope8",
            "sound_lo": "23",
            "sound": "24",
            "sound_hi": "25"
        }
    },
    "instrument_list": [
        "inst0",
        "inst1",
        "inst2",
        "inst6",
        "inst7",
        null,
        "inst8",
        null,
        "inst3",
        null,
        "inst4",
        "inst5"
    ]
}
