{
    "date": "1996-03-19",
    "sample_bank": "instruments",
    "envelopes": {
        "envelope0": [
            [6, 32700],
            [1, 32700],
            [32700, 29430],
            "hang"
        ],
        "envelope1": [
            [6, 32700],
            [1, 32700],
            [32700, 29430],
            "hang"
        ],
        "envelope2": [
            [2, 32700],
            [1, 32700],
            [32700, 29430],
            "hang"
        ],
        "envelope3": [
            [2, 32700],
            [1, 32700],
            [32700, 29430],
            "hang"
        ],
        "envelope4": [
            [2, 32700],
            [1, 32700],
            [32700, 29430],
            "hang"
        ],
        "envelope5": [
            [2, 32700],
            [1, 32700],
            [32700, 29430],
            "hang"
        ],
        "envelope6": [
            [6, 32700],
            [298, 0],
            [1, 0],
            "hang"
        ],
        "envelope7": [
            [3, 32700],
            [298, 0],
            [1, 0],
            "hang"
        ]
    },
    "instruments": {
        "percussion": [
            {"release_rate": 10, "pan": 62, "envelope": "envelope3", "sound": {"sample": "06", "tuning": 1}},
            {"release_rate": 10, "pan": 62, "envelope": "envelope3", "sound": {"sample": "06", "tuning": 1}},
            {"release_rate": 10, "pan": 62, "envelope": "envelope3", "sound": {"sample": "06", "tuning": 1}},
            {"release_rate": 10, "pan": 62, "envelope": "envelope3", "sound": {"sample": "06", "tuning": 1}},
            {"release_rate": 10, "pan": 62, "envelope": "envelope3", "sound": {"sample": "06", "tuning": 1}},
            {"release_rate": 10, "pan": 62, "envelope": "envelope3", "sound": {"sample": "06", "tuning": 1}},
            {"release_rate": 10, "pan": 62, "envelope": "envelope3", "sound": {"sample": "06", "tuning": 1}},
            {"release_rate": 10, "pan": 62, "envelope": "envelope3", "sound": {"sample": "06", "tuning": 1}},
            {"release_rate": 10, "pan": 62, "envelope": "envelope3", "sound": {"sample": "06", "tuning": 1}},
            {"release_rate": 10, "pan": 62, "envelope": "envelope3", "sound": {"sample": "06", "tuning": 1}},
            {"release_rate": 10, "pan": 62, "envelope": "envelope3", "sound": {"sample": "06", "tuning": 1}},
            {"release_rate": 10, "pan": 62, "envelope": "envelope3", "sound": {"sample": "06", "tuning": 1}},
            {"release_rate": 10, "pan": 62, "envelope": "envelope3", "sound": {"sample": "06", "tuning": 1}},
            {"release_rate": 10, "pan": 62, "envelope": "envelope3", "sound": {"sample": "06", "tuning": 1}},
            {"release_rate": 10, "pan": 62, "envelope": "envelope3", "sound": {"sample": "06", "tuning": 1}},
            {"release_rate": 10, "pan": 62, "envelope": "envelope3", "sound": {"sample": "06", "tuning": 1}},
            {"release_rate": 10, "pan": 57, "envelope": "envelope3", "sound": "07"},
            {"release_rate": 10, "pan": 65, "envelope": "envelope3", "sound": {"sample": "08", "tuning": 1}},
            {"release_rate": 10, "pan": 66, "envelope": "envelope3", "sound": {"sample": "08", "tuning": 1}},
            {"release_rate": 10, "pan": 66, "envelope": "envelope3", "sound": {"sample": "08", "tuning": 1}},
            {"release_rate": 10, "pan": 6, "envelope": "envelope3", "sound": {"sample": "09", "tuning": 0.471937}},
            {"release_rate": 10, "pan": 6, "envelope": "envelope3", "sound": {"sample": "09", "tuning": 0.5}},
            {"release_rate": 10, "pan": 27, "envelope": "envelope3", "sound": {"sample": "09", "tuning": 0.66742}},
            {"release_rate": 10, "pan": 27, "envelope": "envelope3", "sound": {"sample": "09", "tuning": 0.707107}},
            {"release_rate": 10, "pan": 45, "envelope": "envelope3", "sound": {"sample": "09", "tuning": 0.793701}},
            {"release_rate": 10, "pan": 45, "envelope": "envelope3", "sound": {"sample": "09", "tuning": 0.840897}},
            {"release_rate": 10, "pan": 53, "envelope": "envelope3", "sound": {"sample": "09", "tuning": 1.0}},
            {"release_rate": 10, "pan": 53, "envelope": "envelope3", "sound": {"sample": "09", "tuning": 1.059463}},
            {"release_rate": 10, "pan": 83, "envelope": "envelope3", "sound": {"sample": "09", "tuning": 1.189207}},
            {"release_rate": 10, "pan": 83, "envelope": "envelope3", "sound": {"sample": "09", "tuning": 1.259921}},
            {"release_rate": 10, "pan": 83, "envelope": "envelope3", "sound": {"sample": "09", "tuning": 1.33484}},
            {"release_rate": 10, "pan": 83, "envelope": "envelope3", "sound": {"sample": "09", "tuning": 1.414214}},
            {"release_rate": 10, "pan": 83, "envelope": "envelope3", "sound": {"sample": "09", "tuning": 1.498307}},
            {"release_rate": 10, "pan": 35, "envelope": "envelope3", "sound": {"sample": "0A", "tuning": 1.189207}},
            {"release_rate": 10, "pan": 35, "envelope": "envelope3", "sound": {"sample": "0A", "tuning": 1.259921}},
            {"release_rate": 10, "pan": 35, "envelope": "envelope3", "sound": {"sample": "0A", "tuning": 1.33484}},
            {"release_rate": 10, "pan": 35, "envelope": "envelope3", "sound": {"sample": "0A", "tuning": 1.414214}},
            {"release_rate": 10, "pan": 35, "envelope": "envelope3", "sound": {"sample": "0A", "tuning": 1.498307}},
            {"release_rate": 10, "pan": 35, "envelope": "envelope3", "sound": {"sample": "0A", "tuning": 1.587401}},
            {"release_rate": 10, "pan": 35, "envelope": "envelope3", "sound": {"sample": "0A", "tuning": 1.681793}},
            {"release_rate": 10, "pan": 35, "envelope": "envelope3", "sound": {"sample": "0A", "tuning": 1.781798}},
            {"release_rate": 10, "pan": 54, "envelope": "envelope3", "sound": {"sample": "0B", "tuning": 0.5469096}},
            {"release_rate": 10, "pan": 54, "envelope": "envelope3", "sound": {"sample": "0B", "tuning": 0.5794306}},
            {"release_rate": 10, "pan": 54, "envelope": "envelope3", "sound": {"sample": "0B", "tuning": 0.61388505}},
            {"release_rate": 10, "pan": 54, "envelope": "envelope3", "sound": {"sample": "0B", "tuning": 0.65038884}},
            {"release_rate": 10, "pan": 54, "envelope": "envelope3", "sound": {"sample": "0B", "tuning": 0.6890625}},
            {"release_rate": 10, "pan": 54, "envelope": "envelope3", "sound": {"sample": "0B", "tuning": 0.7300362}},
            {"release_rate": 10, "pan": 54, "envelope": "envelope3", "sound": {"sample": "0B", "tuning": 0.77344644}},
            {"release_rate": 10, "pan": 54, "envelope": "envelope3", "sound": {"sample": "0B", "tuning": 0.81943786}},
            {"release_rate": 10, "pan": 70, "envelope": "envelope3", "sound": {"sample": "0B", "tuning": 1.5468929}},
            {"release_rate": 10, "pan": 70, "envelope": "envelope3", "sound": {"sample": "0B", "tuning": 1.6388757}},
            {"release_rate": 10, "pan": 82, "envelope": "envelope3", "sound": {"sample": "0C", "tuning": 0.793701}},
            {"release_rate": 10, "pan": 82, "envelope": "envelope3", "sound": {"sample": "0C", "tuning": 0.840897}},
            {"release_rate": 10, "pan": 82, "envelope": "envelope3", "sound": {"sample": "0C", "tuning": 0.890899}},
            {"release_rate": 10, "pan": 82, "envelope": "envelope3", "sound": {"sample": "0C", "tuning": 0.943875}},
            {"release_rate": 10, "pan": 82, "envelope": "envelope3", "sound": {"sample": "0C", "tuning": 1.0}},
            {"release_rate": 10, "pan": 82, "envelope": "envelope3", "sound": {"sample": "0C", "tuning": 1.059463}},
            {"release_rate": 10, "pan": 82, "envelope": "envelope3", "sound": {"sample": "0C", "tuning": 1.122462}},
            {"release_rate": 10, "pan": 82, "envelope": "envelope3", "sound": {"sample": "0C", "tuning": 1.189207}},
            {"release_rate": 10, "pan": 82, "envelope": "envelope3", "sound": {"sample": "0C", "tuning": 1.259921}},
            {"release_rate": 10, "pan": 82, "envelope": "envelope3", "sound": {"sample": "0C", "tuning": 1.33484}},
            {"release_rate": 10, "pan": 82, "envelope": "envelope3", "sound": {"sample": "0C", "tuning": 1.414214}},
            {"release_rate": 10, "pan": 82, "envelope": "envelope3", "sound": {"sample": "0C", "tuning": 1.498307}},
            {"release_rate": 10, "pan": 128, "envelope": "envelope3", "sound": "0D"}
        ],
        "inst1": {
            "release_rate": 10,
            "envelope": "envelope6",
            "sound": "26"
        },
        "inst2": {
            "release_rate": 10,
            "envelope": "envelope7",
            "sound": "26"
        }
    },
    "instrument_list": [
        "inst1",
        "inst2",
        null,
        null,
        null,
        null,
        null,
        null,
        null,
        null,
        null,
        null,
        null,
        null,
        null,
        null
    ]
}
