{
    "date": "1996-03-19",
    "sample_bank": "course_start",
    "envelopes": {
        "envelope0": [
            [2, 32700],
            [1, 32700],
            [32700, 29430],
            "hang"
        ],
        "envelope1": [
            [2, 32700],
            [1, 32700],
            [32700, 29430],
            "hang"
        ]
    },
    "instruments": {
        "inst0": {
            "release_rate": 208,
            "envelope": "envelope0",
            "sound": "00_la"
        },
        "inst1": {
            "release_rate": 208,
            "envelope": "envelope1",
            "sound": "00_la"
        }
    },
    "instrument_list": [
        "inst0",
        "inst1"
    ]
}
