{
    "date": "1996-03-19",
    "sample_bank": "bowser_organ",
    "envelopes": {
        "envelope0": [
            [2, 32700],
            [1, 32700],
            [32700, 29430],
            "hang"
        ],
        "envelope1": [
            [2, 32700],
            [1, 32700],
            [32700, 29430],
            "hang"
        ],
        "envelope2": [
            [2, 32700],
            [1, 32700],
            [32700, 29430],
            "hang"
        ],
        "envelope3": [
            [2, 32700],
            [1, 32700],
            [32700, 29430],
            "hang"
        ],
        "envelope4": [
            [2, 32700],
            [1, 32700],
            [32700, 29430],
            "hang"
        ],
        "envelope5": [
            [2, 32700],
            [1, 32700],
            [32700, 29430],
            "hang"
        ]
    },
    "instruments": {
        "inst0": {
            "release_rate": 19,
            "normal_range_hi": 50,
            "envelope": "envelope0",
            "sound": "00",
            "sound_hi": "01"
        },
        "inst1": {
            "release_rate": 19,
            "normal_range_hi": 50,
            "envelope": "envelope1",
            "sound": "00",
            "sound_hi": "01"
        },
        "inst2": {
            "release_rate": 19,
            "normal_range_hi": 50,
            "envelope": "envelope2",
            "sound": "00",
            "sound_hi": "01"
        },
        "inst3": {
            "release_rate": 19,
            "normal_range_hi": 50,
            "envelope": "envelope3",
            "sound": "00",
            "sound_hi": "01"
        },
        "inst4": {
            "release_rate": 19,
            "normal_range_hi": 50,
            "envelope": "envelope4",
            "sound": "00",
            "sound_hi": "01"
        },
        "inst5": {
            "release_rate": 10,
            "envelope": "envelope5",
            "sound": "02"
        }
    },
    "instrument_list": [
        "inst0",
        "inst1",
        "inst2",
        "inst3",
        "inst4",
        "inst5"
    ]
}
